term,club,club_mp_count,education_group,mp_count,share,share_percent
7,,4,Wyższe,0,0.0,0.0
7,,4,Średnie,0,0.0,0.0
7,,4,Zasadnicze zawodowe,0,0.0,0.0
7,,4,Brak danych,4,1.0,100.0
7,,4,Inne,0,0.0,0.0
7,BC,4,Wyższe,2,0.5,50.0
7,BC,4,Średnie,2,0.5,50.0
7,BC,4,Zasadnicze zawodowe,0,0.0,0.0
7,BC,4,Brak danych,0,0.0,0.0
7,BC,4,Inne,0,0.0,0.0
7,KPSP,1,Wyższe,1,1.0,100.0
7,KPSP,1,Średnie,0,0.0,0.0
7,KPSP,1,Zasadnicze zawodowe,0,0.0,0.0
7,KPSP,1,Brak danych,0,0.0,0.0
7,KPSP,1,Inne,0,0.0,0.0
7,niez.,27,Wyższe,26,0.9629629629629629,96.29629629629629
7,niez.,27,Średnie,1,0.037037037037037035,3.7037037037037033
7,niez.,27,Zasadnicze zawodowe,0,0.0,0.0
7,niez.,27,Brak danych,0,0.0,0.0
7,niez.,27,Inne,0,0.0,0.0
7,PiS,152,Wyższe,141,0.9276315789473685,92.76315789473685
7,PiS,152,Średnie,11,0.07236842105263158,7.236842105263158
7,PiS,152,Zasadnicze zawodowe,0,0.0,0.0
7,PiS,152,Brak danych,0,0.0,0.0
7,PiS,152,Inne,0,0.0,0.0
7,PO,223,Wyższe,215,0.9641255605381166,96.41255605381166
7,PO,223,Średnie,8,0.03587443946188341,3.587443946188341
7,PO,223,Zasadnicze zawodowe,0,0.0,0.0
7,PO,223,Brak danych,0,0.0,0.0
7,PO,223,Inne,0,0.0,0.0
7,PSL,41,Wyższe,37,0.9024390243902439,90.2439024390244
7,PSL,41,Średnie,4,0.0975609756097561,9.75609756097561
7,PSL,41,Zasadnicze zawodowe,0,0.0,0.0
7,PSL,41,Brak danych,0,0.0,0.0
7,PSL,41,Inne,0,0.0,0.0
7,RP,12,Wyższe,6,0.5,50.0
7,RP,12,Średnie,5,0.4166666666666667,41.66666666666667
7,RP,12,Zasadnicze zawodowe,1,0.08333333333333333,8.333333333333332
7,RP,12,Brak danych,0,0.0,0.0
7,RP,12,Inne,0,0.0,0.0
7,SLD,36,Wyższe,33,0.9166666666666666,91.66666666666666
7,SLD,36,Średnie,3,0.08333333333333333,8.333333333333332
7,SLD,36,Zasadnicze zawodowe,0,0.0,0.0
7,SLD,36,Brak danych,0,0.0,0.0
7,SLD,36,Inne,0,0.0,0.0
7,TR,1,Wyższe,1,1.0,100.0
7,TR,1,Średnie,0,0.0,0.0
7,TR,1,Zasadnicze zawodowe,0,0.0,0.0
7,TR,1,Brak danych,0,0.0,0.0
7,TR,1,Inne,0,0.0,0.0
7,ZP,16,Wyższe,15,0.9375,93.75
7,ZP,16,Średnie,1,0.0625,6.25
7,ZP,16,Zasadnicze zawodowe,0,0.0,0.0
7,ZP,16,Brak danych,0,0.0,0.0
7,ZP,16,Inne,0,0.0,0.0
8,,1,Wyższe,0,0.0,0.0
8,,1,Średnie,0,0.0,0.0
8,,1,Zasadnicze zawodowe,0,0.0,0.0
8,,1,Brak danych,1,1.0,100.0
8,,1,Inne,0,0.0,0.0
8,Konfederacja,4,Wyższe,3,0.75,75.0
8,Konfederacja,4,Średnie,1,0.25,25.0
8,Konfederacja,4,Zasadnicze zawodowe,0,0.0,0.0
8,Konfederacja,4,Brak danych,0,0.0,0.0
8,Konfederacja,4,Inne,0,0.0,0.0
8,Kukiz15,18,Wyższe,13,0.7222222222222222,72.22222222222221
8,Kukiz15,18,Średnie,3,0.16666666666666666,16.666666666666664
8,Kukiz15,18,Zasadnicze zawodowe,2,0.1111111111111111,11.11111111111111
8,Kukiz15,18,Brak danych,0,0.0,0.0
8,Kukiz15,18,Inne,0,0.0,0.0
8,niez.,12,Wyższe,11,0.9166666666666666,91.66666666666666
8,niez.,12,Średnie,1,0.08333333333333333,8.333333333333332
8,niez.,12,Zasadnicze zawodowe,0,0.0,0.0
8,niez.,12,Brak danych,0,0.0,0.0
8,niez.,12,Inne,0,0.0,0.0
8,PiS,274,Wyższe,251,0.916058394160584,91.6058394160584
8,PiS,274,Średnie,23,0.08394160583941605,8.394160583941606
8,PiS,274,Zasadnicze zawodowe,0,0.0,0.0
8,PiS,274,Brak danych,0,0.0,0.0
8,PiS,274,Inne,0,0.0,0.0
8,PO,4,Wyższe,4,1.0,100.0
8,PO,4,Średnie,0,0.0,0.0
8,PO,4,Zasadnicze zawodowe,0,0.0,0.0
8,PO,4,Brak danych,0,0.0,0.0
8,PO,4,Inne,0,0.0,0.0
8,PO-KO,158,Wyższe,152,0.9620253164556962,96.20253164556962
8,PO-KO,158,Średnie,6,0.0379746835443038,3.79746835443038
8,PO-KO,158,Zasadnicze zawodowe,0,0.0,0.0
8,PO-KO,158,Brak danych,0,0.0,0.0
8,PO-KO,158,Inne,0,0.0,0.0
8,PP,3,Wyższe,2,0.6666666666666666,66.66666666666666
8,PP,3,Średnie,1,0.3333333333333333,33.33333333333333
8,PP,3,Zasadnicze zawodowe,0,0.0,0.0
8,PP,3,Brak danych,0,0.0,0.0
8,PP,3,Inne,0,0.0,0.0
8,PSL-KP,22,Wyższe,21,0.9545454545454546,95.45454545454545
8,PSL-KP,22,Średnie,1,0.045454545454545456,4.545454545454546
8,PSL-KP,22,Zasadnicze zawodowe,0,0.0,0.0
8,PSL-KP,22,Brak danych,0,0.0,0.0
8,PSL-KP,22,Inne,0,0.0,0.0
8,PSL-UED,1,Wyższe,1,1.0,100.0
8,PSL-UED,1,Średnie,0,0.0,0.0
8,PSL-UED,1,Zasadnicze zawodowe,0,0.0,0.0
8,PSL-UED,1,Brak danych,0,0.0,0.0
8,PSL-UED,1,Inne,0,0.0,0.0
8,TERAZ!,3,Wyższe,3,1.0,100.0
8,TERAZ!,3,Średnie,0,0.0,0.0
8,TERAZ!,3,Zasadnicze zawodowe,0,0.0,0.0
8,TERAZ!,3,Brak danych,0,0.0,0.0
8,TERAZ!,3,Inne,0,0.0,0.0
8,UPR,4,Wyższe,3,0.75,75.0
8,UPR,4,Średnie,1,0.25,25.0
8,UPR,4,Zasadnicze zawodowe,0,0.0,0.0
8,UPR,4,Brak danych,0,0.0,0.0
8,UPR,4,Inne,0,0.0,0.0
8,WiS,1,Wyższe,1,1.0,100.0
8,WiS,1,Średnie,0,0.0,0.0
8,WiS,1,Zasadnicze zawodowe,0,0.0,0.0
8,WiS,1,Brak danych,0,0.0,0.0
8,WiS,1,Inne,0,0.0,0.0
9,KO,132,Wyższe,125,0.946969696969697,94.6969696969697
9,KO,132,Średnie,7,0.05303030303030303,5.303030303030303
9,KO,132,Zasadnicze zawodowe,0,0.0,0.0
9,KO,132,Brak danych,0,0.0,0.0
9,KO,132,Inne,0,0.0,0.0
9,Konfederacja,11,Wyższe,8,0.7272727272727273,72.72727272727273
9,Konfederacja,11,Średnie,2,0.18181818181818182,18.181818181818183
9,Konfederacja,11,Zasadnicze zawodowe,0,0.0,0.0
9,Konfederacja,11,Brak danych,1,0.09090909090909091,9.090909090909092
9,Konfederacja,11,Inne,0,0.0,0.0
9,KP,28,Wyższe,28,1.0,100.0
9,KP,28,Średnie,0,0.0,0.0
9,KP,28,Zasadnicze zawodowe,0,0.0,0.0
9,KP,28,Brak danych,0,0.0,0.0
9,KP,28,Inne,0,0.0,0.0
9,Kukiz15,3,Wyższe,2,0.6666666666666666,66.66666666666666
9,Kukiz15,3,Średnie,1,0.3333333333333333,33.33333333333333
9,Kukiz15,3,Zasadnicze zawodowe,0,0.0,0.0
9,Kukiz15,3,Brak danych,0,0.0,0.0
9,Kukiz15,3,Inne,0,0.0,0.0
9,LD,3,Wyższe,2,0.6666666666666666,66.66666666666666
9,LD,3,Średnie,1,0.3333333333333333,33.33333333333333
9,LD,3,Zasadnicze zawodowe,0,0.0,0.0
9,LD,3,Brak danych,0,0.0,0.0
9,LD,3,Inne,0,0.0,0.0
9,Lewica,42,Wyższe,41,0.9761904761904762,97.61904761904762
9,Lewica,42,Średnie,1,0.023809523809523808,2.380952380952381
9,Lewica,42,Zasadnicze zawodowe,0,0.0,0.0
9,Lewica,42,Brak danych,0,0.0,0.0
9,Lewica,42,Inne,0,0.0,0.0
9,niez.,9,Wyższe,9,1.0,100.0
9,niez.,9,Średnie,0,0.0,0.0
9,niez.,9,Zasadnicze zawodowe,0,0.0,0.0
9,niez.,9,Brak danych,0,0.0,0.0
9,niez.,9,Inne,0,0.0,0.0
9,PiS,238,Wyższe,219,0.9201680672268907,92.01680672268907
9,PiS,238,Średnie,19,0.07983193277310924,7.9831932773109235
9,PiS,238,Zasadnicze zawodowe,0,0.0,0.0
9,PiS,238,Brak danych,0,0.0,0.0
9,PiS,238,Inne,0,0.0,0.0
9,Polska2050,6,Wyższe,6,1.0,100.0
9,Polska2050,6,Średnie,0,0.0,0.0
9,Polska2050,6,Zasadnicze zawodowe,0,0.0,0.0
9,Polska2050,6,Brak danych,0,0.0,0.0
9,Polska2050,6,Inne,0,0.0,0.0
9,PS,3,Wyższe,3,1.0,100.0
9,PS,3,Średnie,0,0.0,0.0
9,PS,3,Zasadnicze zawodowe,0,0.0,0.0
9,PS,3,Brak danych,0,0.0,0.0
9,PS,3,Inne,0,0.0,0.0
10,Centrum,15,Wyższe,15,1.0,100.0
10,Centrum,15,Średnie,0,0.0,0.0
10,Centrum,15,Zasadnicze zawodowe,0,0.0,0.0
10,Centrum,15,Brak danych,0,0.0,0.0
10,Centrum,15,Inne,0,0.0,0.0
10,Demokracja,4,Wyższe,3,0.75,75.0
10,Demokracja,4,Średnie,1,0.25,25.0
10,Demokracja,4,Zasadnicze zawodowe,0,0.0,0.0
10,Demokracja,4,Brak danych,0,0.0,0.0
10,Demokracja,4,Inne,0,0.0,0.0
10,KO,174,Wyższe,167,0.9597701149425287,95.97701149425288
10,KO,174,Średnie,7,0.040229885057471264,4.022988505747127
10,KO,174,Zasadnicze zawodowe,0,0.0,0.0
10,KO,174,Brak danych,0,0.0,0.0
10,KO,174,Inne,0,0.0,0.0
10,Konfederacja,18,Wyższe,16,0.8888888888888888,88.88888888888889
10,Konfederacja,18,Średnie,2,0.1111111111111111,11.11111111111111
10,Konfederacja,18,Zasadnicze zawodowe,0,0.0,0.0
10,Konfederacja,18,Brak danych,0,0.0,0.0
10,Konfederacja,18,Inne,0,0.0,0.0
10,Konfederacja_KP,3,Wyższe,2,0.6666666666666666,66.66666666666666
10,Konfederacja_KP,3,Średnie,1,0.3333333333333333,33.33333333333333
10,Konfederacja_KP,3,Zasadnicze zawodowe,0,0.0,0.0
10,Konfederacja_KP,3,Brak danych,0,0.0,0.0
10,Konfederacja_KP,3,Inne,0,0.0,0.0
10,Lewica,24,Wyższe,24,1.0,100.0
10,Lewica,24,Średnie,0,0.0,0.0
10,Lewica,24,Zasadnicze zawodowe,0,0.0,0.0
10,Lewica,24,Brak danych,0,0.0,0.0
10,Lewica,24,Inne,0,0.0,0.0
10,niez.,8,Wyższe,7,0.875,87.5
10,niez.,8,Średnie,1,0.125,12.5
10,niez.,8,Zasadnicze zawodowe,0,0.0,0.0
10,niez.,8,Brak danych,0,0.0,0.0
10,niez.,8,Inne,0,0.0,0.0
10,PiS,200,Wyższe,190,0.95,95.0
10,PiS,200,Średnie,10,0.05,5.0
10,PiS,200,Zasadnicze zawodowe,0,0.0,0.0
10,PiS,200,Brak danych,0,0.0,0.0
10,PiS,200,Inne,0,0.0,0.0
10,Polska2050,15,Wyższe,12,0.8,80.0
10,Polska2050,15,Średnie,3,0.2,20.0
10,Polska2050,15,Zasadnicze zawodowe,0,0.0,0.0
10,Polska2050,15,Brak danych,0,0.0,0.0
10,Polska2050,15,Inne,0,0.0,0.0
10,Polska2050-TD,1,Wyższe,1,1.0,100.0
10,Polska2050-TD,1,Średnie,0,0.0,0.0
10,Polska2050-TD,1,Zasadnicze zawodowe,0,0.0,0.0
10,Polska2050-TD,1,Brak danych,0,0.0,0.0
10,Polska2050-TD,1,Inne,0,0.0,0.0
10,PSL-TD,33,Wyższe,33,1.0,100.0
10,PSL-TD,33,Średnie,0,0.0,0.0
10,PSL-TD,33,Zasadnicze zawodowe,0,0.0,0.0
10,PSL-TD,33,Brak danych,0,0.0,0.0
10,PSL-TD,33,Inne,0,0.0,0.0
10,Razem,4,Wyższe,4,1.0,100.0
10,Razem,4,Średnie,0,0.0,0.0
10,Razem,4,Zasadnicze zawodowe,0,0.0,0.0
10,Razem,4,Brak danych,0,0.0,0.0
10,Razem,4,Inne,0,0.0,0.0
